,1,2,code_version,worker_id,assignment_id,pid
0,params,{},A,A18TCR555RWUZV,3TXD01ZLD4H79SNSSEJDARG374V4UF,0
1,params,{},A,A1945USNZHTROX,3OJSZ2ATDSWN70FWTB9C5R8XZQY75S,1
2,params,{},A,A1CH3TODZNQCES,3IX2EGZR7BJ5WIEWRRBCBII2I3NJRP,2
3,params,{},A,A1HWB810RJBV2K,3SLE99ER0ND8GQ2BDGS8ZX1OJFXBZP,3
4,params,{},A,A1PTH9KTRO06EG,3NOKK93PR188CYNZRKGLFV6RY61EEM,4
5,params,{},A,A1YVMDRR9W1LZ1,3XUHV3NRVKYK0PL86KVOW4XRDTUH54,5
6,params,{},A,A25YG9M911WA3T,3VP0C6EFSGW2B7MX20L6GFJNQA4M6Y,6
7,params,{},A,A28FMRMS9TMEOZ,3483FV8BEEJC43I4SI2M165PK4H26F,7
8,params,{},A,A2E9NUZZ4S2VJ9,3YJ6NA41JBGKK5YHEZ7N6NINHLZJPX,8
9,params,{},A,A2MCG5W6LHSRG9,3JC6VJ2SABJ5Q2DU0ELWFIAN0Y45AH,9
10,params,{},A,A2NA2OJT15COZY,3Q5ZZ9ZEVOFR7EKF3G1IJR4SAA458D,10
11,params,{},A,A2VRDE2FHCBMF8,38F5OAUN5NCZNTZRUDALUOBN4ZPH7J,11
12,params,{},A,A2XNO2KWLLGW6Z,39KFRKBFINVSUUHFLZVBRASLKKCOYF,12
13,params,{},A,A32QJF67JMJFKX,326O153BMIY3KS9ZVP519DO6YU0EDT,13
14,params,{},A,A3AO2N7BNFDGF3,3NGI5ARFTT5DPOIDOA1H2NM1N4ZP1Z,14
15,params,{},A,A3G00Q5JV2BE5G,3CCZ6YKWR7JRLJ3P887WJNZ3UGM592,15
16,params,{},A,A3GPTSDDHJ2DBV,3HUTX6F6VUN2T9O8SEOGI6RG55H2OC,16
17,params,{},A,A3KX8PBHVFQZ3U,3QAPZX2QN4DHQSWPQTM5S5VY71V02C,17
18,params,{},A,A4J4GGMKJ68L0,34HJIJKLP5W7M7CSX4TI6DIMLB44V4,18
19,params,{},A,ACNPJ7WXOGX5M,3W8CV64QJ2Z31CNK9A858K2TZPD9HN,19
20,params,{},A,AD7CUW86FWEKT,3OJSZ2ATDSWN70FWTB9C5R8XZQY57Q,20
21,params,{},A,AUI3R928P63B0,3Z4GS9HPNVA2U4TFH4O93BMTQWT777,21
